[
    {
        "task_type": "code_generation",
        "language": "python",
        "func_name": "sum",
        "input": "Scrivi una funzione Python chiamata 'sum' che prenda due argomenti, a e b.",
        "output": "def sum(a, b): return a + b"
    },
    {
        "task_type": "code_generation",
        "language": "python",
        "func_name": "multiply",
        "input": "Scrivi una funzione Python chiamata 'multiply' che prenda due argomenti, a e b.",
        "output": "def multiply(a, b): return a * b"
    },
    {
        "task_type": "code_generation",
        "language": "python",
        "func_name": "is_even",
        "input": "Scrivi una funzione Python chiamata 'is_even' che prenda un numero n e restituisca True se n è pari.",
        "output": "def is_even(n): return n % 2 == 0"
    },
    {
        "task_type": "code_generation",
        "language": "python",
        "func_name": "factorial",
        "input": "Scrivi una funzione Python chiamata 'factorial' che prenda un numero n e restituisca il suo fattoriale.",
        "output": "def factorial(n): return 1 if n == 0 else n * factorial(n - 1)"
    },
    {
        "task_type": "code_generation",
        "language": "python",
        "func_name": "count_vowels",
        "input": "Scrivi una funzione Python chiamata 'count_vowels' che prenda una stringa s e restituisca il numero di vocali.",
        "output": "def count_vowels(s): return sum(1 for char in s if char in 'aeiouAEIOU')"
    },
    {
        "task_type": "code_generation",
        "language": "python",
        "func_name": "reverse_string",
        "input": "Scrivi una funzione Python chiamata 'reverse_string' che prenda una stringa s e restituisca la stringa invertita.",
        "output": "def reverse_string(s): return s[::-1]"
    },
    {
        "task_type": "code_generation",
        "language": "python",
        "func_name": "is_palindrome",
        "input": "Scrivi una funzione Python chiamata 'is_palindrome' che prenda una stringa s e restituisca True se s è un palindromo.",
        "output": "def is_palindrome(s): return s == s[::-1]"
    },
    {
        "task_type": "code_generation",
        "language": "python",
        "func_name": "fibonacci",
        "input": "Scrivi una funzione Python chiamata 'fibonacci' che prenda un numero n e restituisca una lista dei primi n numeri di Fibonacci.",
        "output": "def fibonacci(n): fib = [0, 1]; [fib.append(fib[-1] + fib[-2]) for _ in range(2, n)]; return fib[:n]"
    },
    {
        "task_type": "code_generation",
        "language": "python",
        "func_name": "unique_elements",
        "input": "Scrivi una funzione Python chiamata 'unique_elements' che restituisca una lista di elementi unici da una lista.",
        "output": "def unique_elements(lst): return list(set(lst))"
    },
    {
        "task_type": "code_generation",
        "language": "python",
        "func_name": "merge_dicts",
        "input": "Scrivi una funzione Python chiamata 'merge_dicts' che unisca due dizionari.",
        "output": "def merge_dicts(dict1, dict2): return {**dict1, **dict2}"
    },
    {
        "task_type": "code_generation",
        "language": "python",
        "func_name": "max_value",
        "input": "Scrivi una funzione Python chiamata 'max_value' che prenda una lista di numeri e restituisca il valore massimo.",
        "output": "def max_value(lst): return max(lst)"
    },
    {
        "task_type": "code_generation",
        "language": "python",
        "func_name": "min_value",
        "input": "Scrivi una funzione Python chiamata 'min_value' che prenda una lista di numeri e restituisca il valore minimo.",
        "output": "def min_value(lst): return min(lst)"
    },
    {
        "task_type": "code_generation",
        "language": "python",
        "func_name": "average",
        "input": "Scrivi una funzione Python chiamata 'average' che prenda una lista di numeri e restituisca la loro media.",
        "output": "def average(lst): return sum(lst) / len(lst)"
    },
    {
        "task_type": "code_generation",
        "language": "python",
        "func_name": "sort_list",
        "input": "Scrivi una funzione Python chiamata 'sort_list' che prenda una lista e la restituisca ordinata.",
        "output": "def sort_list(lst): return sorted(lst)"
    },
    {
        "task_type": "code_generation",
        "language": "python",
        "func_name": "contains",
        "input": "Scrivi una funzione Python chiamata 'contains' che prenda una lista e un elemento e restituisca True se l'elemento è presente.",
        "output": "def contains(lst, element): return element in lst"
    },
    {
        "task_type": "code_generation",
        "language": "python",
        "func_name": "remove_duplicates",
        "input": "Scrivi una funzione Python chiamata 'remove_duplicates' che rimuova i duplicati da una lista.",
        "output": "def remove_duplicates(lst): return list(set(lst))"
    },
    {
        "task_type": "code_generation",
        "language": "python",
        "func_name": "count_occurrences",
        "input": "Scrivi una funzione Python chiamata 'count_occurrences' che conti le occorrenze di un elemento in una lista.",
        "output": "def count_occurrences(lst, element): return lst.count(element)"
    },
    {
        "task_type": "code_generation",
        "language": "python",
        "func_name": "square",
        "input": "Scrivi una funzione Python chiamata 'square' che prenda un numero n e restituisca il suo quadrato.",
        "output": "def square(n): return n ** 2"
    }
]